timestamp,time,price,volume
34200055756570,09:30:00.055,0.0000,0
34423615694946,09:33:43.615,18.9600,1
34423941166429,09:33:43.941,19.0100,5
34423941776295,09:33:43.941,19.0100,95
34423941776295,09:33:43.941,19.0200,5
34648171473233,09:37:28.171,18.8000,100
34774584524929,09:39:34.584,18.9600,100
35315397592314,09:48:35.397,18.7900,90
35318993080333,09:48:38.993,18.8000,100
35530394795799,09:52:10.394,18.6500,3
35530397140923,09:52:10.397,18.6500,4
35764985350120,09:56:04.985,18.6500,93
35764986112567,09:56:04.986,18.6200,100
35811135836607,09:56:51.135,18.5600,100
35811926764851,09:56:51.926,18.5800,100
35811928872963,09:56:51.928,18.5900,100
36082396839293,10:01:22.396,18.6100,9
36082396839293,10:01:22.396,18.6100,100
36082400060606,10:01:22.400,18.6000,100
36160873709125,10:02:40.873,18.6400,100
36160873709125,10:02:40.873,18.6400,100
36160875438166,10:02:40.875,18.6400,100
36311927016533,10:05:11.927,18.5700,46
36573021471039,10:09:33.021,18.6100,4
36573021678436,10:09:33.021,18.6100,5
36808903481752,10:13:28.903,18.8100,100
36919683234039,10:15:19.683,18.8000,100
36919685892024,10:15:19.685,18.7700,100
36970059582611,10:16:10.059,18.7800,12
36970062016023,10:16:10.062,18.7800,100
36970068881640,10:16:10.068,18.7600,100
36970068881640,10:16:10.068,18.7500,100
36970077784552,10:16:10.077,18.7400,100
36970455231657,10:16:10.455,18.7500,200
36971455276695,10:16:11.455,18.7500,100
36972049903961,10:16:12.049,18.7400,65
36972138646534,10:16:12.138,18.7400,35
37063447432758,10:17:43.447,18.7500,100
37198426810954,10:19:58.426,18.7300,100
37198426810954,10:19:58.426,18.7300,100
37198427096731,10:19:58.427,18.7300,100
37198427231603,10:19:58.427,18.7300,28
37198428414478,10:19:58.428,18.7500,300
37293146823891,10:21:33.146,18.7700,6
37293146823891,10:21:33.146,18.7800,6
37562751863625,10:26:02.751,18.8600,100
37947455517712,10:32:27.455,18.9200,6
37947455517712,10:32:27.455,18.9200,79
37947456046640,10:32:27.456,18.9200,100
37947456900392,10:32:27.456,18.9300,10
37947456900392,10:32:27.456,18.9300,90
37947456903102,10:32:27.456,18.9300,10
37947458944122,10:32:27.458,18.9300,90
37947458944122,10:32:27.458,18.9300,10
37947458995263,10:32:27.458,18.9300,90
37963441076854,10:32:43.441,18.9400,100
37972506728280,10:32:52.506,18.9400,100
37978841174895,10:32:58.841,18.9200,100
37978841244639,10:32:58.841,18.9200,100
37978841547386,10:32:58.841,18.9300,100
37978841854039,10:32:58.841,18.9300,100
38021463063511,10:33:41.463,18.9100,10
38021463391385,10:33:41.463,18.9000,65
38021463392933,10:33:41.463,18.9000,35
38021464091264,10:33:41.464,18.8900,39
38027820323729,10:33:47.820,18.9000,100
38027820834209,10:33:47.820,18.9000,100
38027820935716,10:33:47.820,18.9000,90
38028454278706,10:33:48.454,18.8900,61
38036455786816,10:33:56.455,18.9000,10
38036455786816,10:33:56.455,18.9100,90
38045454991103,10:34:05.454,18.8800,100
38077494218173,10:34:37.494,18.8800,27
38110747150171,10:35:10.747,18.8800,23
38110747150171,10:35:10.747,18.8600,77
38232139015935,10:37:12.139,18.8600,100
38232139840965,10:37:12.139,18.8500,100
38509120598374,10:41:49.120,18.8500,1
38509134975656,10:41:49.134,18.8300,1
38645671738292,10:44:05.671,18.8700,100
38645671738292,10:44:05.671,18.8700,100
39094906146486,10:51:34.906,18.8200,100
39322891107577,10:55:22.891,18.8600,100
39322891132754,10:55:22.891,18.8600,10
39322893603220,10:55:22.893,18.8500,100
39322893683070,10:55:22.893,18.8500,100
39322952684985,10:55:22.952,18.8600,100
39322953945919,10:55:22.953,18.8600,100
39322953945919,10:55:22.953,18.8600,100
39326514183787,10:55:26.514,18.8600,100
39336609877655,10:55:36.609,18.8600,100
39361456469686,10:56:01.456,18.8600,100
39368559573943,10:56:08.559,18.8500,100
39368559573943,10:56:08.559,18.8500,81
39368559639706,10:56:08.559,18.8500,19
39368560928714,10:56:08.560,18.8400,100
39368560928714,10:56:08.560,18.8400,100
39368562147569,10:56:08.562,18.8300,100
39368562147569,10:56:08.562,18.8300,50
39386455294720,10:56:26.455,18.8400,89
39386455387722,10:56:26.455,18.8400,11
39386455712389,10:56:26.455,18.8400,100
39386456234934,10:56:26.456,18.8400,100
39386456234934,10:56:26.456,18.8400,100
39386456728136,10:56:26.456,18.8400,100
39386459669031,10:56:26.459,18.8500,100
39386459977908,10:56:26.459,18.8400,100
39387456716204,10:56:27.456,18.8400,6
39387456744520,10:56:27.456,18.8400,94
39387456744520,10:56:27.456,18.8400,100
39387456744520,10:56:27.456,18.8400,100
39389456308865,10:56:29.456,18.8600,91
39389457110822,10:56:29.457,18.8500,100
39389457273031,10:56:29.457,18.8600,9
39395500915661,10:56:35.500,18.8700,29
39395500974130,10:56:35.500,18.8700,71
39408052243901,10:56:48.052,18.8800,100
39425217570048,10:57:05.217,18.8800,100
39458455830441,10:57:38.455,18.9100,100
39458456675394,10:57:38.456,18.9200,100
39458459099039,10:57:38.459,18.9200,100
39458466688281,10:57:38.466,18.9200,100
39459455402221,10:57:39.455,18.9100,100
39459455561090,10:57:39.455,18.9100,100
39459455587291,10:57:39.455,18.9100,100
39459455587291,10:57:39.455,18.9100,100
39466997297046,10:57:46.997,18.8900,61
39466997301115,10:57:46.997,18.8900,66
39466998198580,10:57:46.998,18.8900,100
39466998198580,10:57:46.998,18.8900,100
39466998198580,10:57:46.998,18.8900,100
39466998684782,10:57:46.998,18.8900,100
39467000516538,10:57:47.000,18.8900,100
39471214007526,10:57:51.214,18.8800,100
39485964210279,10:58:05.964,18.8600,1
39485964210279,10:58:05.964,18.8600,99
39545253671555,10:59:05.253,18.8500,100
39585076461213,10:59:45.076,18.8400,100
39601509273558,11:00:01.509,18.8600,9
39601514522199,11:00:01.514,18.8600,100
39621744377945,11:00:21.744,18.8500,100
39663484903549,11:01:03.484,18.8800,100
39716463012380,11:01:56.463,18.8800,100
39818129689781,11:03:38.129,18.8800,100
40264769255264,11:11:04.769,18.8600,3
40264769255264,11:11:04.769,18.8600,100
40264769347375,11:11:04.769,18.8500,44
40264769349844,11:11:04.769,18.8500,61
40264769452409,11:11:04.769,18.8500,95
40264771109594,11:11:04.771,18.8400,1
40264771109594,11:11:04.771,18.8400,100
40264771109594,11:11:04.771,18.8400,100
40264779865175,11:11:04.779,18.8400,100
40294933187430,11:11:34.933,18.8700,100
40294933613681,11:11:34.933,18.8500,100
40481519492065,11:14:41.519,18.8500,150
40927792363736,11:22:07.792,18.8300,100
40927792446618,11:22:07.792,18.8400,100
40927792540702,11:22:07.792,18.8300,100
40927792669621,11:22:07.792,18.8400,100
40927792846210,11:22:07.792,18.8300,100
40927807536143,11:22:07.807,18.8200,100
40927807536143,11:22:07.807,18.8200,100
40944776934600,11:22:24.776,18.7600,1
40981437475608,11:23:01.437,18.7500,26
40981437482158,11:23:01.437,18.7500,74
40981437482158,11:23:01.437,18.7500,49
40981437535190,11:23:01.437,18.7500,51
41015855644169,11:23:35.855,18.7200,100
41074790736952,11:24:34.790,18.7200,100
41080973223484,11:24:40.973,18.7200,115
41080974140411,11:24:40.974,18.7100,85
41128579092305,11:25:28.579,18.6900,16
41140307410590,11:25:40.307,18.6900,18
41140312532754,11:25:40.312,18.6900,66
41599781970872,11:33:19.781,18.6800,12
41854567693807,11:37:34.567,18.6700,100
41854568085420,11:37:34.568,18.6700,100
41923762340127,11:38:43.762,18.6400,100
42133020023963,11:42:13.020,18.6200,13
42133022800130,11:42:13.022,18.6250,100
42133044233063,11:42:13.044,18.6500,100
42166976269863,11:42:46.976,18.6500,100
42215636587862,11:43:35.636,18.6300,100
42217981299598,11:43:37.981,18.6500,9
42307836526997,11:45:07.836,18.6300,100
42422612266275,11:47:02.612,18.6600,100
42548533626024,11:49:08.533,18.6400,100
42556370110878,11:49:16.370,18.6700,166
42561077432457,11:49:21.077,18.6700,165
42566415863196,11:49:26.415,18.6900,100
42696016389095,11:51:36.016,18.6900,100
42696027669199,11:51:36.027,18.6800,100
42696027669199,11:51:36.027,18.6800,100
42696027786237,11:51:36.027,18.6800,100
42699979860297,11:51:39.979,18.6800,100
42779524717526,11:52:59.524,18.6600,100
43099543274290,11:58:19.543,18.6400,50
43212942319930,12:00:12.942,18.6300,25
43212943341631,12:00:12.943,18.6300,100
43310170541734,12:01:50.170,18.6100,1
43381030710394,12:03:01.030,18.6300,75
43381035510817,12:03:01.035,18.6400,100
43381082371049,12:03:01.082,18.6300,100
43402566950883,12:03:22.566,18.6500,100
43402569817050,12:03:22.569,18.6500,100
43513739937390,12:05:13.739,18.6400,1
43513741214038,12:05:13.741,18.6300,100
43565499605622,12:06:05.499,18.6200,100
43565499630230,12:06:05.499,18.6200,8
43565499630230,12:06:05.499,18.6200,100
43565500672276,12:06:05.500,18.6100,100
43565500672276,12:06:05.500,18.6100,100
43565500672276,12:06:05.500,18.6100,100
43565500672276,12:06:05.500,18.6100,90
43565500713892,12:06:05.500,18.6100,10
43565500713892,12:06:05.500,18.6100,100
43565500713892,12:06:05.500,18.6100,100
43565500737365,12:06:05.500,18.6100,50
43599782729482,12:06:39.782,18.6000,50
43599782729482,12:06:39.782,18.6000,50
43674506105935,12:07:54.506,18.6100,100
43674721776527,12:07:54.721,18.6300,100
43758963590773,12:09:18.963,18.6500,100
44161163227604,12:16:01.163,18.6900,100
44174311575741,12:16:14.311,18.7000,9
44980808861829,12:29:40.808,18.7200,10
45224120866979,12:33:44.120,18.7200,8
45224120866979,12:33:44.120,18.7200,100
45224120866979,12:33:44.120,18.7200,100
45224121129956,12:33:44.121,18.7100,40
45224121143979,12:33:44.121,18.7100,12
45224121310032,12:33:44.121,18.7100,39
45224121420172,12:33:44.121,18.7100,9
45240833215946,12:34:00.833,18.7000,11
45312412953703,12:35:12.412,18.7000,9
45312412985377,12:35:12.412,18.7000,89
45314303071487,12:35:14.303,18.7100,100
45322397859120,12:35:22.397,18.7000,100
45401549060890,12:36:41.549,18.6700,10
45401549060890,12:36:41.549,18.6700,90
45506133103959,12:38:26.133,18.6600,100
45506133130005,12:38:26.133,18.6600,10
45571687324783,12:39:31.687,18.6700,20
45596433902233,12:39:56.433,18.6700,30
45759241731626,12:42:39.241,18.6500,100
45759242337879,12:42:39.242,18.6400,20
45759242337879,12:42:39.242,18.6400,100
46471319069112,12:54:31.319,18.6300,70
46471324803242,12:54:31.324,18.6400,100
46471328151760,12:54:31.328,18.6400,97
46572103136989,12:56:12.103,18.6600,11
46572103547993,12:56:12.103,18.6600,100
46577169253835,12:56:17.169,18.6500,100
46739252773900,12:58:59.252,18.6600,100
46907373028900,13:01:47.373,18.6700,9
46907373332906,13:01:47.373,18.6700,100
46907373332906,13:01:47.373,18.6700,100
47046037147422,13:04:06.037,18.6800,100
47049831599067,13:04:09.831,18.6800,100
47135194870901,13:05:35.194,18.6700,100
47463533626600,13:11:03.533,18.7000,10
47463533795961,13:11:03.533,18.7000,100
48162722340081,13:22:42.722,18.7000,100
48162722340081,13:22:42.722,18.7000,9
48162722340081,13:22:42.722,18.7000,34
48162722341155,13:22:42.722,18.7000,66
48162722569360,13:22:42.722,18.7000,100
48164780167839,13:22:44.780,18.6900,100
48164780167839,13:22:44.780,18.6900,100
48164781082513,13:22:44.781,18.6800,74
48237416993188,13:23:57.416,18.6800,100
48242242059557,13:24:02.242,18.6900,100
48242242225206,13:24:02.242,18.6900,100
48251264860036,13:24:11.264,18.7000,9
48306536319214,13:25:06.536,18.7000,4
48332546666588,13:25:32.546,18.6800,100
48565726585412,13:29:25.726,18.6800,18
48667313244050,13:31:07.313,18.7100,6
48667313244050,13:31:07.313,18.7100,4
48707429406615,13:31:47.429,18.6900,100
48809170232052,13:33:29.170,18.6900,100
48809170232052,13:33:29.170,18.6900,7
48901967058768,13:35:01.967,18.6800,100
49122869374363,13:38:42.869,18.6800,17
49168749104537,13:39:28.749,18.6700,16
49168749130207,13:39:28.749,18.6700,84
49168749130207,13:39:28.749,18.6700,100
49245121420801,13:40:45.121,18.6600,77
49245121420801,13:40:45.121,18.6600,23
49513813148760,13:45:13.813,18.6600,100
49513813693259,13:45:13.813,18.6600,96
49531319690831,13:45:31.319,18.6600,200
49541759312218,13:45:41.759,18.6500,4
49575999051523,13:46:15.999,18.6700,100
49575999660110,13:46:15.999,18.6800,100
49575999660110,13:46:15.999,18.6800,100
49838445286388,13:50:38.445,18.6900,200
49838445928199,13:50:38.445,18.6900,100
49933497970573,13:52:13.497,18.6800,96
49933497970573,13:52:13.497,18.6800,4
50156204235384,13:55:56.204,18.6800,96
50339812960381,13:58:59.812,18.6800,100
50339815340988,13:58:59.815,18.6800,100
50363819650475,13:59:23.819,18.6800,100
50363823216055,13:59:23.823,18.6700,100
50363983827755,13:59:23.983,18.6700,100
50363984632036,13:59:23.984,18.6600,100
50363984897488,13:59:23.984,18.6600,100
50363984956982,13:59:23.984,18.6600,100
50402703022144,14:00:02.703,18.6800,54
50402703022144,14:00:02.703,18.6900,100
50402703022144,14:00:02.703,18.6900,46
50402706450495,14:00:02.706,18.6900,54
50406607514059,14:00:06.607,18.6800,60
50461975272554,14:01:01.975,18.7100,100
50569660675599,14:02:49.660,18.7200,100
50625090932019,14:03:45.090,18.7800,100
50625092205615,14:03:45.092,18.7700,100
50679673269984,14:04:39.673,18.8500,100
50791508861865,14:06:31.508,18.9000,7
50791508904178,14:06:31.508,18.9000,16
50791508910224,14:06:31.508,18.9000,44
50791508914276,14:06:31.508,18.9000,33
50791508914276,14:06:31.508,18.9000,10
50791509107007,14:06:31.509,18.9000,41
50815068642506,14:06:55.068,18.8800,9
50815068642506,14:06:55.068,18.8800,91
50954259011701,14:09:14.259,18.9200,100
51025741866894,14:10:25.741,18.8800,9
51025741866894,14:10:25.741,18.8800,100
51025741866894,14:10:25.741,18.8800,6
51025741866894,14:10:25.741,18.8800,100
51025741875855,14:10:25.741,18.8700,45
51025742101594,14:10:25.742,18.8700,55
51025742247789,14:10:25.742,18.8600,100
51025742247789,14:10:25.742,18.8600,100
51025742247789,14:10:25.742,18.8600,100
51025742247789,14:10:25.742,18.8600,100
51026384938453,14:10:26.384,18.8300,100
51108152155262,14:11:48.152,18.8500,100
51131946957092,14:12:11.946,18.8800,100
51131946960067,14:12:11.946,18.8800,100
51131952081630,14:12:11.952,18.8800,100
51131954123862,14:12:11.954,18.8800,100
51180086214616,14:13:00.086,18.8600,10
51292375179791,14:14:52.375,18.9300,100
51325662524385,14:15:25.662,18.9400,100
51456809861745,14:17:36.809,18.9500,10
51456809861745,14:17:36.809,18.9500,100
51456810529380,14:17:36.810,18.9500,100
51456810856879,14:17:36.810,18.9500,100
51533609720261,14:18:53.609,18.9100,100
51549390556177,14:19:09.390,18.9000,100
51643147882123,14:20:43.147,18.8900,100
51661242791517,14:21:01.242,18.9300,100
51761008933240,14:22:41.008,18.9700,22
51905790586549,14:25:05.790,18.9600,20
51970625318881,14:26:10.625,18.9400,100
51970625454746,14:26:10.625,18.9400,100
52140136078512,14:29:00.136,18.8800,10
52204788563174,14:30:04.788,18.8700,100
52230437587912,14:30:30.437,18.8500,100
52293020491285,14:31:33.020,18.8700,100
52293024263012,14:31:33.024,18.8700,74
52293024283224,14:31:33.024,18.8700,26
52293024283224,14:31:33.024,18.8800,149
52293024382721,14:31:33.024,18.8800,26
52293174699554,14:31:33.174,18.8800,100
52293174724165,14:31:33.174,18.8800,73
52395907060265,14:33:15.907,18.8800,100
52395907060265,14:33:15.907,18.8800,7
52395907060265,14:33:15.907,18.8800,10
52479264787611,14:34:39.264,18.8900,95
52479264938894,14:34:39.264,18.8900,5
52499883174743,14:34:59.883,18.8700,10
52513541131903,14:35:13.541,18.9000,100
52564428200674,14:36:04.428,18.8900,35
52643640719046,14:37:23.640,18.9100,100
52643641072041,14:37:23.641,18.9100,100
53028421231136,14:43:48.421,18.9700,10
53030557528982,14:43:50.557,18.9700,40
53035104325114,14:43:55.104,18.9700,50
53035317337209,14:43:55.317,18.9800,100
53055535245586,14:44:15.535,18.9800,69
53055535245586,14:44:15.535,18.9800,11
53216732010148,14:46:56.732,19.0350,300
53323047554346,14:48:43.047,19.0400,100
53323048687369,14:48:43.048,19.0300,100
53323048687369,14:48:43.048,19.0300,100
53323048687369,14:48:43.048,19.0300,10
53323048687369,14:48:43.048,19.0300,100
53323050447084,14:48:43.050,19.0400,100
53323050861293,14:48:43.050,19.0400,100
53323050885063,14:48:43.050,19.0400,3
53323050887517,14:48:43.050,19.0400,97
53323091557069,14:48:43.091,19.0400,100
53436680419549,14:50:36.680,19.0300,100
53485889350801,14:51:25.889,19.0400,100
53489909299513,14:51:29.909,19.0200,100
53542005198319,14:52:22.005,19.0600,100
53675610111444,14:54:35.610,19.0800,100
53675610360104,14:54:35.610,19.0700,100
53675610360104,14:54:35.610,19.0700,10
53695615583371,14:54:55.615,19.0600,100
53695616714773,14:54:55.616,19.0500,90
53695617060726,14:54:55.617,19.0500,10
53695617060726,14:54:55.617,19.0500,90
53700098333997,14:55:00.098,19.0600,1
53757997768018,14:55:57.997,19.0600,20
53902248389411,14:58:22.248,19.0700,100
53902248389411,14:58:22.248,19.0700,100
53962636663056,14:59:22.636,19.0600,200
53964042324395,14:59:24.042,19.0500,100
54083156110245,15:01:23.156,19.0300,10
54083156110245,15:01:23.156,19.0300,59
54100091391087,15:01:40.091,19.0000,15
54100091391087,15:01:40.091,19.0000,100
54100091391087,15:01:40.091,19.0000,100
54100103420108,15:01:40.103,18.9900,100
54100103420108,15:01:40.103,18.9900,100
54103784705993,15:01:43.784,19.0000,100
54103784705993,15:01:43.784,19.0000,100
54103792778145,15:01:43.792,19.0000,100
54113172086181,15:01:53.172,19.0000,100
54132157184699,15:02:12.157,19.0000,100
54175450181681,15:02:55.450,18.9800,100
54222455970621,15:03:42.455,18.9700,100
54246304372907,15:04:06.304,18.9600,100
54257167100008,15:04:17.167,18.9500,100
54264929111626,15:04:24.929,18.9400,100
54264929567710,15:04:24.929,18.9400,33
54264929567710,15:04:24.929,18.9400,67
54264930135072,15:04:24.930,18.9300,100
54264930135072,15:04:24.930,18.9300,100
54303061453945,15:05:03.061,18.9400,100
54303063605915,15:05:03.063,18.9500,100
54303063605915,15:05:03.063,18.9500,100
54303063605915,15:05:03.063,18.9500,100
54303064054029,15:05:03.064,18.9500,100
54307629379439,15:05:07.629,18.9500,21
54308531709029,15:05:08.531,18.9500,67
54360339359811,15:06:00.339,18.9400,100
54360493394411,15:06:00.493,18.9400,20
54367023644119,15:06:07.023,18.9400,7
54479953336672,15:07:59.953,18.9500,10
54483078756513,15:08:03.078,18.9500,90
54483080009324,15:08:03.080,18.9500,100
54483080009324,15:08:03.080,18.9500,100
54540621706193,15:09:00.621,18.9700,10
54600152597036,15:10:00.152,18.9700,10
54616822379968,15:10:16.822,18.9500,100
54616822379968,15:10:16.822,18.9500,100
54630094142949,15:10:30.094,18.9400,100
54662172088559,15:11:02.172,18.9300,100
54662184619494,15:11:02.184,18.9200,100
54767284100688,15:12:47.284,18.9100,100
54901759712379,15:15:01.759,18.9100,74
54901759712379,15:15:01.759,18.9100,26
54901759748186,15:15:01.759,18.9100,174
54901847966250,15:15:01.847,18.9200,100
54926444202739,15:15:26.444,18.9400,15
54998524350772,15:16:38.524,18.9700,100
54998525171320,15:16:38.525,18.9600,100
54998525171320,15:16:38.525,18.9600,100
54998525171320,15:16:38.525,18.9600,100
54998525171320,15:16:38.525,18.9600,100
54998525982151,15:16:38.525,18.9500,100
54998707866335,15:16:38.707,18.9400,100
55050906618543,15:17:30.906,18.9600,18
55080744592120,15:18:00.744,18.9300,20
55080744592120,15:18:00.744,18.9300,100
55080744889448,15:18:00.744,18.9300,100
55080746407938,15:18:00.746,18.9200,2
55080746407938,15:18:00.746,18.9200,18
55082036733418,15:18:02.036,18.9100,14
55174659546771,15:19:34.659,18.9000,100
55186556594175,15:19:46.556,18.9200,100
55304917808718,15:21:44.917,18.9300,100
55304919112536,15:21:44.919,18.9200,100
55304919151031,15:21:44.919,18.9200,50
55347016358030,15:22:27.016,18.9100,55
55347016361248,15:22:27.016,18.9100,45
55347016880493,15:22:27.016,18.9100,100
55347018462999,15:22:27.018,18.9000,20
55357038856078,15:22:37.038,18.9100,100
55446035951672,15:24:06.035,18.8900,100
55515617981116,15:25:15.617,18.9000,11
55515618006292,15:25:15.618,18.9000,89
55515618625852,15:25:15.618,18.9000,50
55796575784693,15:29:56.575,18.9200,100
55796577377570,15:29:56.577,18.9200,100
55796594904415,15:29:56.594,18.9200,100
55814034877633,15:30:14.034,18.9100,100
55840252787895,15:30:40.252,18.9200,100
56050771241960,15:34:10.771,18.9300,3
56050771241960,15:34:10.771,18.9300,3
56050771290105,15:34:10.771,18.9300,97
56050771290105,15:34:10.771,18.9300,27
56050771290105,15:34:10.771,18.9300,100
56052905736583,15:34:12.905,18.9200,100
56052905762103,15:34:12.905,18.9200,100
56052905778756,15:34:12.905,18.9200,100
56052906326400,15:34:12.906,18.9200,100
56052906662488,15:34:12.906,18.9200,100
56052907202262,15:34:12.907,18.9200,100
56140888767590,15:35:40.888,18.9000,100
56204552321274,15:36:44.552,18.9100,200
56204552401381,15:36:44.552,18.9200,100
56204552401381,15:36:44.552,18.9200,100
56204552550700,15:36:44.552,18.9100,184
56235181633953,15:37:15.181,18.9100,3
56287824304748,15:38:07.824,18.9200,97
56287824304748,15:38:07.824,18.9200,3
56317442758197,15:38:37.442,18.9300,100
56317443237303,15:38:37.443,18.9300,100
56392599409903,15:39:52.599,18.9400,100
56392603277155,15:39:52.603,18.9400,100
56428603934922,15:40:28.603,18.9400,100
56483224570056,15:41:23.224,18.9300,100
56483224570056,15:41:23.224,18.9300,100
56483224570056,15:41:23.224,18.9300,100
56483224570056,15:41:23.224,18.9300,100
56483224575269,15:41:23.224,18.9300,100
56483224667248,15:41:23.224,18.9300,100
56483226010693,15:41:23.226,18.9200,20
56483226012306,15:41:23.226,18.9200,50
56483226219154,15:41:23.226,18.9200,30
56483226219154,15:41:23.226,18.9200,68
56483226222150,15:41:23.226,18.9200,32
56483226222150,15:41:23.226,18.9200,100
56483227660642,15:41:23.227,18.9200,100
56523911028516,15:42:03.911,18.9100,200
56551800678664,15:42:31.800,18.9000,100
56575049765833,15:42:55.049,18.8900,100
56580206894165,15:43:00.206,18.9000,100
56628609169160,15:43:48.609,18.9100,100
56700156239703,15:45:00.156,18.9100,100
56700156239703,15:45:00.156,18.9100,100
56700156239703,15:45:00.156,18.9100,100
56700156239703,15:45:00.156,18.9000,100
56700156239703,15:45:00.156,18.9000,100
56700156239703,15:45:00.156,18.9000,100
56700156239703,15:45:00.156,18.8900,100
56700156239703,15:45:00.156,18.8900,100
56726845943320,15:45:26.845,18.9000,100
56736165691101,15:45:36.165,18.9200,100
56736165719838,15:45:36.165,18.9200,50
56740143681583,15:45:40.143,18.9300,100
56740143681583,15:45:40.143,18.9300,100
56740143681583,15:45:40.143,18.9300,100
56809941943925,15:46:49.941,18.9200,100
56809942001956,15:46:49.942,18.9200,63
56809942001956,15:46:49.942,18.9200,100
56831110978887,15:47:11.110,18.9200,200
56908041736935,15:48:28.041,18.9200,7
56908041736935,15:48:28.041,18.9200,90
56948411426680,15:49:08.411,18.9200,40
56948411426680,15:49:08.411,18.9200,7
56994162968384,15:49:54.162,18.9300,18
57006866220152,15:50:06.866,18.9300,82
57006866220152,15:50:06.866,18.9300,18
57009102748456,15:50:09.102,18.9300,100
57067133986159,15:51:07.133,18.9300,82
57067134790040,15:51:07.134,18.9300,18
57067134790040,15:51:07.134,18.9300,82
57067134921464,15:51:07.134,18.9300,118
57067134921464,15:51:07.134,18.9300,282
57067135140865,15:51:07.135,18.9300,18
57067135140865,15:51:07.135,18.9300,1
57067135323954,15:51:07.135,18.9300,100
57069037259924,15:51:09.037,18.9200,20
57131149593793,15:52:11.149,18.9300,100
57132882516872,15:52:12.882,18.9300,20
57139924029946,15:52:19.924,18.9200,100
57165473356029,15:52:45.473,18.9100,100
57165473356029,15:52:45.473,18.9100,100
57172039515120,15:52:52.039,18.9000,100
57172039515120,15:52:52.039,18.9000,50
57182902858337,15:53:02.902,18.8900,100
57187056171290,15:53:07.056,18.8900,14
57192487970608,15:53:12.487,18.8900,27
57196089660630,15:53:16.089,18.8900,59
57206516688463,15:53:26.516,18.8850,27
57221761488059,15:53:41.761,18.8900,5
57225249660596,15:53:45.249,18.8900,12
57250046609462,15:54:10.046,18.8900,6
57260468284391,15:54:20.468,18.8900,77
57260468284391,15:54:20.468,18.8900,23
57260468384988,15:54:20.468,18.8900,18
57260468384988,15:54:20.468,18.8900,100
57260468927627,15:54:20.468,18.8900,100
57299997345284,15:54:59.997,18.8900,200
57300751810446,15:55:00.751,18.8900,20
57302280662960,15:55:02.280,18.8900,80
57302280662960,15:55:02.280,18.8900,20
57305429994227,15:55:05.429,18.8900,66
57305997607080,15:55:05.997,18.8900,100
57310129873016,15:55:10.129,18.9000,100
57310129873016,15:55:10.129,18.9000,18
57322834118634,15:55:22.834,18.9100,5
57329503266568,15:55:29.503,18.9100,5
57336191276856,15:55:36.191,18.9000,100
57336197257529,15:55:36.197,18.9000,20
57339038479357,15:55:39.038,18.9000,100
57349996157055,15:55:49.996,18.9000,100
57349996573084,15:55:49.996,18.9000,100
57357867644833,15:55:57.867,18.9100,90
57357867644833,15:55:57.867,18.9100,10
57363504245717,15:56:03.504,18.8900,100
57369214173416,15:56:09.214,18.9000,10
57369214255978,15:56:09.214,18.9000,10
57369214705843,15:56:09.214,18.9000,90
57369214705843,15:56:09.214,18.9000,10
57369214712461,15:56:09.214,18.9000,50
57369389852982,15:56:09.389,18.9100,100
57369719549495,15:56:09.719,18.9100,21
57370085512246,15:56:10.085,18.9000,100
57370085512246,15:56:10.085,18.9000,100
57370085512246,15:56:10.085,18.9000,81
57370086860412,15:56:10.086,18.9000,19
57370087025827,15:56:10.087,18.9000,100
57370087029490,15:56:10.087,18.9000,100
57382961082648,15:56:22.961,18.9000,8
57387381503827,15:56:27.381,18.9000,92
57387381503827,15:56:27.381,18.9000,8
57387411958188,15:56:27.411,18.9000,92
57399510511003,15:56:39.510,18.9100,79
57399510511003,15:56:39.510,18.9100,21
57400332768686,15:56:40.332,18.9100,6
57408987385577,15:56:48.987,18.9100,20
57416676002574,15:56:56.676,18.9100,74
57416676002574,15:56:56.676,18.9100,26
57420126147395,15:57:00.126,18.9000,100
57420126147395,15:57:00.126,18.9000,100
57420619308225,15:57:00.619,18.9100,100
57427057406475,15:57:07.057,18.9100,93
57427057406475,15:57:07.057,18.9100,7
57427057888431,15:57:07.057,18.9100,93
57427057888431,15:57:07.057,18.9100,7
57431167137074,15:57:11.167,18.9200,53
57444457754796,15:57:24.457,18.9100,93
57454123402088,15:57:34.123,18.9000,4
57458097150760,15:57:38.097,18.9100,100
57458102558695,15:57:38.102,18.9100,7
57461786232965,15:57:41.786,18.9200,100
57461939102404,15:57:41.939,18.9200,47
57472141589744,15:57:52.141,18.9100,100
57472273289251,15:57:52.273,18.9300,100
57484650175805,15:58:04.650,18.9400,51
57484650175805,15:58:04.650,18.9400,100
57484650175805,15:58:04.650,18.9400,100
57513245163160,15:58:33.245,18.9350,100
57521597062665,15:58:41.597,18.9400,100
57543697841150,15:59:03.697,18.9400,12
57545047088333,15:59:05.047,18.9500,88
57545155443737,15:59:05.155,18.9700,13
57547004423563,15:59:07.004,18.9700,88
57550627095757,15:59:10.627,18.9700,88
57552225856486,15:59:12.225,18.9600,100
57552231715687,15:59:12.231,18.9600,100
57559924691496,15:59:19.924,18.9700,100
57560436320092,15:59:20.436,18.9600,100
57567537193284,15:59:27.537,18.9900,100
57568541301861,15:59:28.541,18.9800,100
57589510128861,15:59:49.510,18.9850,100
57591156220031,15:59:51.156,18.9900,100
57591156220031,15:59:51.156,18.9900,100
57591156220031,15:59:51.156,18.9900,100
57591156220031,15:59:51.156,18.9900,100
57591754296858,15:59:51.754,18.9950,66
57591755194512,15:59:51.755,18.9950,32
57591755194512,15:59:51.755,18.9950,2
57595511060976,15:59:55.511,18.9950,95
57600293235990,16:00:00.293,0.0000,0
